<?xml version="1.0"?>
<FishPath>
	<Path Type="0" Next="0" Delay="0">
		<Position x="0.3" y="-0.1" />
		<Position x="0.3" y="1.1" />
		<Position x="0" y="0" />
		<Position x="0" y="0" />
	</Path>
	<Path Type="0" Next="0" Delay="0">
		<Position x="0.1" y="-0.1" />
		<Position x="0.7" y="1.1" />
		<Position x="0" y="0" />
		<Position x="0" y="0" />
	</Path>
	<Path Type="1" Next="0" Delay="0">
		<Position x="-0.1" y="0" />
		<Position x="1.2834" y="0.326102" />
		<Position x="-0.1" y="1" />
		<Position x="0" y="0" />
	</Path>
	<Path Type="1" Next="0" Delay="0">
		<Position x="-0.1" y="0.3" />
		<Position x="1.04881" y="0.463843" />
		<Position x="-0.1" y="1.3" />
		<Position x="0" y="0" />
	</Path>
	<Path Type="1" Next="0" Delay="0">
		<Position x="-0.1" y="0.7" />
		<Position x="0.946429" y="-0.205431" />
		<Position x="0.8" y="1.2" />
		<Position x="0" y="0" />
	</Path>
	<Path Type="1" Next="0" Delay="0">
		<Position x="-0.1" y="-0.2" />
		<Position x="0.673406" y="1.40024" />
		<Position x="1.1" y="-0.2" />
		<Position x="0" y="0" />
	</Path>
	<Path Type="1" Next="0" Delay="0">
		<Position x="-0.1" y="0" />
		<Position x="1.81899" y="0.255018" />
		<Position x="-0.1" y="1" />
		<Position x="0" y="0" />
	</Path>
	<Path Type="1" Next="0" Delay="0">
		<Position x="0.2" y="-0.2" />
		<Position x="0.367178" y="1.56848" />
		<Position x="0.8" y="-0.2" />
		<Position x="0" y="0" />
	</Path>
	<Path Type="1" Next="0" Delay="0">
		<Position x="0.1" y="-0.2" />
		<Position x="0.252804" y="1.6954" />
		<Position x="0.8" y="-0.2" />
		<Position x="0" y="0" />
	</Path>
	<Path Type="1" Next="0" Delay="0">
		<Position x="0.2" y="-0.2" />
		<Position x="0.4" y="1" />
		<Position x="0.8" y="-0.2" />
		<Position x="0" y="0" />
	</Path>
	<Path Type="1" Next="0" Delay="0">
		<Position x="-0.1" y="-0.2" />
		<Position x="0.5701" y="1.04604" />
		<Position x="0.6" y="-0.2" />
		<Position x="0" y="0" />
	</Path>
	<Path Type="1" Next="0" Delay="0">
		<Position x="-0.1" y="-0.2" />
		<Position x="0.4" y="1.3" />
		<Position x="0.8" y="-0.2" />
		<Position x="1.1" y="0" />
	</Path>
	<Path Type="1" Next="0" Delay="0">
		<Position x="-0.1" y="0.7" />
		<Position x="0.806228" y="1.28217" />
		<Position x="0.337662" y="-0.364817" />
		<Position x="1.1" y="0.3" />
	</Path>
	<Path Type="1" Next="0" Delay="0">
		<Position x="-0.1" y="-0.1" />
		<Position x="0.6" y="1.8" />
		<Position x="0.6" y="-0.8" />
		<Position x="1.1" y="1.1" />
	</Path>
	<Path Type="1" Next="0" Delay="0">
		<Position x="-0.1" y="-0.1" />
		<Position x="0.520292" y="1.3412" />
		<Position x="0.6" y="-0.6" />
		<Position x="1.1" y="1.1" />
	</Path>
	<Path Type="1" Next="0" Delay="0">
		<Position x="0.39116" y="-0.102125" />
		<Position x="-0.0128395" y="1.53896" />
		<Position x="0.649424" y="-0.435655" />
		<Position x="1.03313" y="0.827627" />
	</Path>
	<Path Type="1" Next="0" Delay="0">
		<Position x="-0.1" y="-0.1" />
		<Position x="0.6" y="0.8" />
		<Position x="0.9" y="-0.6" />
		<Position x="0.5" y="1.1" />
	</Path>
	<Path Type="1" Next="0" Delay="0">
		<Position x="0.1" y="-0.1" />
		<Position x="0.8" y="0.3" />
		<Position x="0.5" y="0.6" />
		<Position x="0.9" y="1.1" />
	</Path>
	<Path Type="1" Next="0" Delay="0">
		<Position x="0.1" y="1.1" />
		<Position x="0.1" y="0.3" />
		<Position x="0.5" y="0.6" />
		<Position x="0.9" y="-0.1" />
	</Path>
	<Path Type="1" Next="0" Delay="0">
		<Position x="-0.1" y="1.1" />
		<Position x="0.1" y="0.3" />
		<Position x="0.5" y="0.6" />
		<Position x="1.1" y="-0.1" />
	</Path>
	<Path Type="1" Next="0" Delay="0">
		<Position x="-0.1" y="0.3" />
		<Position x="0.1" y="0.3" />
		<Position x="0.531361" y="0.739079" />
		<Position x="1.1" y="-0.1" />
	</Path>
	<Path Type="1" Next="0" Delay="0">
		<Position x="-0.1" y="0" />
		<Position x="2.5" y="0.3" />
		<Position x="-1.5" y="0.6" />
		<Position x="1.1" y="1" />
	</Path>
	<Path Type="1" Next="0" Delay="0">
		<Position x="-0.1" y="0" />
		<Position x="2.5" y="0.3" />
		<Position x="-1.5" y="0.6" />
		<Position x="1.1" y="0.3" />
	</Path>
	<Path Type="1" Next="0" Delay="0">
		<Position x="-0.1" y="0.8" />
		<Position x="2.5" y="0.9" />
		<Position x="-1.41116" y="-0.404959" />
		<Position x="1.1" y="0.9" />
	</Path>
	<Path Type="1" Next="0" Delay="0">
		<Position x="0.1" y="1.1" />
		<Position x="0" y="-1.5" />
		<Position x="0.5" y="1.9" />
		<Position x="0.9" y="-0.1" />
	</Path>
	<Path Type="1" Next="0" Delay="0">
		<Position x="0.1" y="1.1" />
		<Position x="1" y="-1.5" />
		<Position x="-0.165031" y="2.28719" />
		<Position x="0.9" y="-0.1" />
	</Path>
	<Path Type="1" Next="0" Delay="0">
		<Position x="-0.1" y="1.1" />
		<Position x="0.428977" y="-0.207645" />
		<Position x="0.5" y="1.6" />
		<Position x="1" y="-0.1" />
	</Path>
	<Path Type="1" Next="0" Delay="0">
		<Position x="-0.1" y="1.1" />
		<Position x="1.07464" y="-0.352273" />
		<Position x="1.5" y="1.8" />
		<Position x="-0.1" y="-0.1" />
	</Path>
	<Path Type="1" Next="0" Delay="0">
		<Position x="0.1" y="1.1" />
		<Position x="0.1" y="0.3" />
		<Position x="0.5" y="0.9" />
		<Position x="1.1" y="0.1" />
	</Path>
	<Path Type="1" Next="0" Delay="0">
		<Position x="0.1" y="-0.1" />
		<Position x="0.551653" y="1.36777" />
		<Position x="0.9" y="-0.6" />
		<Position x="0.99" y="1.1" />
	</Path>
	<Path Type="1" Next="0" Delay="0">
		<Position x="0.1" y="-0.1" />
		<Position x="0.551653" y="1.11467" />
		<Position x="0.6" y="-0.6" />
		<Position x="0.7" y="1.1" />
	</Path>
	<Path Type="1" Next="0" Delay="0">
		<Position x="0.1" y="1.1" />
		<Position x="0.516142" y="-0.729339" />
		<Position x="1.06495" y="2.28203" />
		<Position x="0.45" y="-0.1" />
	</Path>
	<Path Type="1" Next="0" Delay="0">
		<Position x="0.4" y="-0.1" />
		<Position x="1.4" y="0.3" />
		<Position x="0" y="0.6" />
		<Position x="-0.1" y="0.97" />
	</Path>
	<Path Type="1" Next="0" Delay="0">
		<Position x="0.310606" y="-0.0371902" />
		<Position x="1.4" y="0.3" />
		<Position x="0.577479" y="1.16116" />
		<Position x="-0.0724864" y="0.696281" />
	</Path>
	<Path Type="1" Next="0" Delay="0">
		<Position x="0.611915" y="-0.0716254" />
		<Position x="0.887397" y="1.28512" />
		<Position x="0.282627" y="-0.185262" />
		<Position x="0.301997" y="1.20248" />
	</Path>
	<Path Type="1" Next="0" Delay="0">
		<Position x="1.04451" y="0.172865" />
		<Position x="0.89" y="1.29" />
		<Position x="0.28" y="-0.19" />
		<Position x="-0.0423555" y="0.396694" />
	</Path>
	<Path Type="1" Next="0" Delay="0">
		<Position x="1.02944" y="0.820248" />
		<Position x="-0.11553" y="0.875344" />
		<Position x="1.14566" y="0.575758" />
		<Position x="-0.0337467" y="0.296832" />
	</Path>
	<Path Type="1" Next="0" Delay="0">
		<Position x="1.05312" y="0.0730027" />
		<Position x="-0.335055" y="-0.0509643" />
		<Position x="0.484935" y="1.32645" />
		<Position x="1.07679" y="0.713499" />
	</Path>
	<Path Type="1" Next="0" Delay="0">
		<Position x="1.04666" y="0.165978" />
		<Position x="-0.34" y="-0.05" />
		<Position x="1.07464" y="1.81543" />
		<Position x="0.426825" y="-0.0853995" />
	</Path>
	<Path Type="1" Next="0" Delay="0">
		<Position x="0.857266" y="1.05096" />
		<Position x="-0.313533" y="-0.767218" />
		<Position x="0.510761" y="1.41942" />
		<Position x="0.721677" y="-0.0578513" />
	</Path>
	<Path Type="1" Next="0" Delay="0">
		<Position x="-0.089704" y="0.699725" />
		<Position x="0.678633" y="0.262397" />
		<Position x="0.51" y="1.42" />
		<Position x="0.932593" y="-0.0991736" />
	</Path>
	<Path Type="1" Next="0" Delay="0">
		<Position x="0.366563" y="1.10262" />
		<Position x="0.68" y="0.26" />
		<Position x="0.11906" y="-0.164601" />
		<Position x="1.09401" y="0.648072" />
	</Path>
	<Path Type="1" Next="0" Delay="0">
		<Position x="0.77333" y="1.06474" />
		<Position x="0.198691" y="-0.32989" />
		<Position x="-0.197314" y="0.916667" />
		<Position x="1.0359" y="0.858127" />
	</Path>
	<Path Type="1" Next="0" Delay="0">
		<Position x="0.601154" y="1.03375" />
		<Position x="0.250344" y="-0.86708" />
		<Position x="-0.40823" y="1.34022" />
		<Position x="1.03375" y="0.62741" />
	</Path>
	<Path Type="1" Next="0" Delay="0">
		<Position x="0.13843" y="1.0854" />
		<Position x="1.06818" y="-0.119835" />
		<Position x="0.833592" y="1.49174" />
		<Position x="0.444043" y="-0.0578513" />
	</Path>
	<Path Type="1" Next="0" Delay="0">
		<Position x="0.27" y="1.06" />
		<Position x="0.159952" y="0.183196" />
		<Position x="0.66572" y="0.455234" />
		<Position x="0.934745" y="-0.0268596" />
	</Path>
	<Path Type="1" Next="0" Delay="0">
		<Position x="0.476326" y="1.05785" />
		<Position x="0.16" y="0.18" />
		<Position x="0.67" y="0.46" />
		<Position x="0.388085" y="-0.081956" />
	</Path>
	<Path Type="1" Next="0" Delay="0">
		<Position x="0.775482" y="1.05441" />
		<Position x="0.16" y="0.18" />
		<Position x="0.67" y="0.46" />
		<Position x="0.870179" y="-0.106061" />
	</Path>
	<Path Type="1" Next="0" Delay="0">
		<Position x="0.902462" y="1.07507" />
		<Position x="0.0329717" y="0.613636" />
		<Position x="0.689394" y="0.782369" />
		<Position x="0.941202" y="-0.0509643" />
	</Path>
	<Path Type="1" Next="0" Delay="0">
		<Position x="-0.0574209" y="0.179752" />
		<Position x="0.03" y="0.61" />
		<Position x="0.69" y="0.78" />
		<Position x="0.88094" y="-0.0440772" />
	</Path>
</FishPath>
