<?xml version="1.0"?>
<TroopSet id="1">
	<DescribeText content="快看！快看！！快看！！！" />
	<DescribeText content="有两大波鱼要打起来了！" />
	<Shape type="1" CenterX="0" CenterY="0" Radio="300" Count="80" PiceCount="1" Same="true" Path="2" Speed="50" interval="1" TypeCount="7" FishType="1,2,3,4,5,6,7" Weigth="10,10,10,10,10,10,10" />
	<Shape type="1" CenterX="0" CenterY="0" Radio="220" Count="50" PiceCount="1" Same="true" Path="2" Speed="50" interval="1" TypeCount="7" FishType="1,2,3,4,5,6,7" Weigth="10,10,10,10,10,10,10" />
	<Shape type="1" CenterX="0" CenterY="0" Radio="150" Count="30" PiceCount="1" Same="true" Path="2" Speed="50" interval="1" TypeCount="7" FishType="1,2,3,4,5,6,7" Weigth="10,10,10,10,10,10,10" />
	<Shape type="1" CenterX="0" CenterY="0" Radio="300" Count="80" PiceCount="1" Same="true" Path="1" Speed="50" interval="1" TypeCount="7" FishType="1,2,3,4,5,6,7" Weigth="10,10,10,10,10,10,10" />
	<Shape type="1" CenterX="0" CenterY="0" Radio="220" Count="50" PiceCount="1" Same="true" Path="1" Speed="50" interval="1" TypeCount="7" FishType="1,2,3,4,5,6,7" Weigth="10,10,10,10,10,10,10" />
	<Shape type="1" CenterX="0" CenterY="0" Radio="150" Count="30" PiceCount="1" Same="true" Path="1" Speed="50" interval="1" TypeCount="7" FishType="1,2,3,4,5,6,7" Weigth="10,10,10,10,10,10,10" />
	<Point PosX="0" PosY="0" Count="1" Path="1" Speed="50" Same="true" interval="1" TypeCount="6" FishType="16,17,19,20,21,22" Weigth="100,100,100,100,100,100" />
	<Point PosX="0" PosY="0" Count="1" Path="2" Speed="50" Same="true" interval="1" TypeCount="6" FishType="16,17,19,20,21,22" Weigth="100,100,100,100,100,100" />
</TroopSet>
<TroopSet id="2">
	<DescribeText content="注意！注意！！注意！！！" />
	<DescribeText content="一大群鱼就要游过来了！" />
	<Shape type="0" PosX1="0" PosX2="150" PosY1="-200" PosY2="-200" Count="10" PiceCount="1" Path="3" Same="true" Speed="80" interval="1" TypeCount="1" FishType="1" Weigth="1" />
	<Shape type="0" PosX1="0" PosX2="150" PosY1="0" PosY2="0" Count="10" PiceCount="1" Path="3" Same="true" Speed="80" interval="1" TypeCount="1" FishType="1" Weigth="1" />
	<Shape type="0" PosX1="0" PosX2="150" PosY1="200" PosY2="200" Count="10" PiceCount="1" Path="3" Same="true" Speed="80" interval="1" TypeCount="1" FishType="1" Weigth="1" />
	<Shape type="0" PosX1="150" PosX2="150" PosY1="-200" PosY2="200" Count="30" PiceCount="1" Path="3" Same="true" Speed="80" interval="1" TypeCount="1" FishType="1" Weigth="1" />
	<Shape type="0" PosX1="200" PosX2="350" PosY1="-200" PosY2="-200" Count="10" PiceCount="1" Path="3" Same="true" Speed="80" interval="1" TypeCount="1" FishType="2" Weigth="1" />
	<Shape type="0" PosX1="200" PosX2="350" PosY1="0" PosY2="0" Count="10" PiceCount="1" Path="3" Same="true" Speed="80" interval="1" TypeCount="1" FishType="2" Weigth="1" />
	<Shape type="0" PosX1="200" PosX2="350" PosY1="200" PosY2="200" Count="10" PiceCount="1" Path="3" Same="true" Speed="80" interval="1" TypeCount="1" FishType="2" Weigth="1" />
	<Shape type="0" PosX1="350" PosX2="350" PosY1="-200" PosY2="0" Count="10" PiceCount="1" Path="3" Same="true" Speed="80" interval="1" TypeCount="1" FishType="2" Weigth="1" />
	<Shape type="0" PosX1="200" PosX2="200" PosY1="0" PosY2="200" Count="10" PiceCount="1" Path="3" Same="true" Speed="80" interval="1" TypeCount="1" FishType="2" Weigth="1" />
	<Shape type="0" PosX1="400" PosX2="550" PosY1="-200" PosY2="-200" Count="10" PiceCount="1" Path="3" Same="true" Speed="80" interval="1" TypeCount="1" FishType="4" Weigth="1" />
	<Shape type="0" PosX1="400" PosX2="550" PosY1="200" PosY2="200" Count="10" PiceCount="1" Path="3" Same="true" Speed="80" interval="1" TypeCount="1" FishType="4" Weigth="1" />
	<Shape type="0" PosX1="400" PosX2="550" PosY1="0" PosY2="0" Count="10" PiceCount="1" Path="3" Same="true" Speed="80" interval="1" TypeCount="1" FishType="4" Weigth="1" />
	<Shape type="0" PosX1="400" PosX2="400" PosY1="-200" PosY2="0" Count="10" PiceCount="1" Path="3" Same="true" Speed="80" interval="1" TypeCount="1" FishType="4" Weigth="1" />
	<Shape type="0" PosX1="550" PosX2="550" PosY1="0" PosY2="200" Count="10" PiceCount="1" Path="3" Same="true" Speed="80" interval="1" TypeCount="1" FishType="4" Weigth="1" />
	<Shape type="0" PosX1="650" PosX2="650" PosY1="-200" PosY2="200" Count="20" PiceCount="1" Path="3" Same="true" Speed="80" interval="1" TypeCount="1" FishType="1" Weigth="1" />
	<Shape type="0" PosX1="650" PosX2="800" PosY1="-200" PosY2="-200" Count="10" PiceCount="1" Path="3" Same="true" Speed="80" interval="1" TypeCount="1" FishType="1" Weigth="1" />
	<Shape type="0" PosX1="650" PosX2="800" PosY1="200" PosY2="200" Count="10" PiceCount="1" Path="3" Same="true" Speed="80" interval="1" TypeCount="1" FishType="1" Weigth="1" />
	<Shape type="0" PosX1="850" PosX2="1000" PosY1="200" PosY2="200" Count="10" PiceCount="1" Path="3" Same="true" Speed="80" interval="1" TypeCount="1" FishType="2" Weigth="1" />
	<Shape type="0" PosX1="850" PosX2="1000" PosY1="-200" PosY2="-200" Count="10" PiceCount="1" Path="3" Same="true" Speed="80" interval="1" TypeCount="1" FishType="2" Weigth="1" />
	<Shape type="0" PosX1="850" PosX2="850" PosY1="-200" PosY2="200" Count="20" PiceCount="1" Path="3" Same="true" Speed="80" interval="1" TypeCount="1" FishType="2" Weigth="1" />
	<Shape type="0" PosX1="1000" PosX2="1000" PosY1="-200" PosY2="200" Count="20" PiceCount="1" Path="3" Same="true" Speed="80" interval="1" TypeCount="1" FishType="2" Weigth="1" />
	<Shape type="0" PosX1="1050" PosX2="1050" PosY1="-200" PosY2="200" Count="20" PiceCount="1" Path="3" Same="true" Speed="80" interval="1" TypeCount="1" FishType="4" Weigth="1" />
	<Shape type="0" PosX1="1200" PosX2="1200" PosY1="-200" PosY2="200" Count="20" PiceCount="1" Path="3" Same="true" Speed="80" interval="1" TypeCount="1" FishType="4" Weigth="1" />
	<Shape type="0" PosX1="1200" PosX2="1120" PosY1="-200" PosY2="200" Count="20" PiceCount="1" Path="3" Same="true" Speed="80" interval="1" TypeCount="1" FishType="4" Weigth="1" />
	<Shape type="0" PosX1="1050" PosX2="1120" PosY1="-200" PosY2="200" Count="20" PiceCount="1" Path="3" Same="true" Speed="80" interval="1" TypeCount="1" FishType="4" Weigth="1" />
	<Shape type="0" PosX1="0" PosX2="1200" PosY1="-300" PosY2="-300" Count="60" PiceCount="1" Path="3" Same="true" Speed="80" interval="1" TypeCount="1" FishType="7" Weigth="1" />
	<Shape type="0" PosX1="0" PosX2="1200" PosY1="300" PosY2="300" Count="60" PiceCount="1" Path="3" Same="true" Speed="80" interval="1" TypeCount="1" FishType="7" Weigth="1" />
	<Shape type="0" PosX1="0" PosX2="1200" PosY1="-280" PosY2="-280" Count="60" PiceCount="1" Path="3" Same="true" Speed="80" interval="1" TypeCount="1" FishType="3" Weigth="1" />
	<Shape type="0" PosX1="0" PosX2="1200" PosY1="280" PosY2="280" Count="60" PiceCount="1" Path="3" Same="true" Speed="80" interval="1" TypeCount="1" FishType="3" Weigth="1" />
	<Point PosX="600" PosY="200" Count="1" Path="3" Speed="80" Same="true" interval="1" TypeCount="1" FishType="3" Weigth="1" />
	<Point PosX="615" PosY="200" Count="1" Path="3" Speed="80" Same="true" interval="1" TypeCount="1" FishType="3" Weigth="1" />
	<Point PosX="615" PosY="180" Count="1" Path="3" Speed="80" Same="true" interval="1" TypeCount="1" FishType="3" Weigth="1" />
	<Point PosX="600" PosY="180" Count="1" Path="3" Speed="80" Same="true" interval="1" TypeCount="1" FishType="3" Weigth="1" />
</TroopSet>
<TroopSet id="3">
	<DescribeText content="快来看！快来看！" />
	<DescribeText content="乌龟要和别人赛跑啦！！！" />
	<Shape type="0" PosX1="0" PosX2="1440" PosY1="0" PosY2="0" Count="60" PiceCount="1" Path="8" Same="true" Speed="90" interval="1" TypeCount="1" FishType="2" Weigth="1" />
	<Shape type="0" PosX1="0" PosX2="1440" PosY1="0" PosY2="0" Count="60" PiceCount="1" Path="9" Same="true" Speed="90" interval="1" TypeCount="1" FishType="2" Weigth="1" />
	<Shape type="0" PosX1="0" PosX2="1440" PosY1="0" PosY2="0" Count="60" PiceCount="1" Path="10" Same="true" Speed="90" interval="1" TypeCount="1" FishType="7" Weigth="1" />
	<Shape type="0" PosX1="0" PosX2="1440" PosY1="0" PosY2="0" Count="60" PiceCount="1" Path="11" Same="true" Speed="90" interval="1" TypeCount="1" FishType="7" Weigth="1" />
	<Shape type="0" PosX1="0" PosX2="1440" PosY1="0" PosY2="0" Count="60" PiceCount="1" Path="12" Same="true" Speed="90" interval="1" TypeCount="1" FishType="1" Weigth="1" />
	<Shape type="0" PosX1="0" PosX2="1440" PosY1="0" PosY2="0" Count="60" PiceCount="1" Path="13" Same="true" Speed="90" interval="1" TypeCount="1" FishType="1" Weigth="1" />
	<Shape type="0" PosX1="-4000" PosX2="-1250" PosY1="0" PosY2="80" Count="8" PiceCount="1" Path="5" Same="false" Speed="120" interval="1" TypeCount="6" FishType="16,17,19,20,21,22" Weigth="100,100,100,100,100,100" />
	<Point PosX="0" PosY="0" Count="1" Path="4" Speed="30" Same="true" interval="1" TypeCount="1" FishType="10" Weigth="1" />
</TroopSet>
<TroopSet id="4">
	<DescribeText content="火力全开！！！" />
	<DescribeText content="大丰收的时候到了！！！" />
	<Shape type="0" PosX1="-80" PosX2="80" PosY1="-80" PosY2="-80" Count="8" PiceCount="1" Path="20" Same="true" Speed="80" interval="1" TypeCount="1" FishType="1" Weigth="100" />
	<Shape type="0" PosX1="-80" PosX2="80" PosY1="80" PosY2="80" Count="8" PiceCount="1" Path="20" Same="true" Speed="80" interval="1" TypeCount="1" FishType="1" Weigth="100" />
	<Shape type="0" PosX1="-80" PosX2="-80" PosY1="-80" PosY2="80" Count="8" PiceCount="1" Path="20" Same="true" Speed="80" interval="1" TypeCount="1" FishType="1" Weigth="100" />
	<Shape type="0" PosX1="80" PosX2="80" PosY1="-80" PosY2="80" Count="8" PiceCount="1" Path="20" Same="true" Speed="80" interval="1" TypeCount="1" FishType="1" Weigth="100" />
	<Shape type="0" PosX1="480" PosX2="680" PosY1="-100" PosY2="-100" Count="8" PiceCount="1" Path="20" Same="true" Speed="80" interval="1" TypeCount="1" FishType="3" Weigth="100" />
	<Shape type="0" PosX1="480" PosX2="680" PosY1="100" PosY2="100" Count="8" PiceCount="1" Path="20" Same="true" Speed="80" interval="1" TypeCount="1" FishType="3" Weigth="100" />
	<Shape type="0" PosX1="480" PosX2="480" PosY1="-100" PosY2="100" Count="8" PiceCount="1" Path="20" Same="true" Speed="80" interval="1" TypeCount="1" FishType="3" Weigth="100" />
	<Shape type="0" PosX1="680" PosX2="680" PosY1="-100" PosY2="100" Count="8" PiceCount="1" Path="20" Same="true" Speed="80" interval="1" TypeCount="1" FishType="3" Weigth="100" />
	<Shape type="0" PosX1="1080" PosX2="1320" PosY1="-120" PosY2="-120" Count="8" PiceCount="1" Path="20" Same="true" Speed="80" interval="1" TypeCount="1" FishType="6" Weigth="100" />
	<Shape type="0" PosX1="1080" PosX2="1320" PosY1="120" PosY2="120" Count="8" PiceCount="1" Path="20" Same="true" Speed="80" interval="1" TypeCount="1" FishType="6" Weigth="100" />
	<Shape type="0" PosX1="1080" PosX2="1080" PosY1="-120" PosY2="120" Count="8" PiceCount="1" Path="20" Same="true" Speed="80" interval="1" TypeCount="1" FishType="6" Weigth="100" />
	<Shape type="0" PosX1="1320" PosX2="1320" PosY1="-120" PosY2="120" Count="8" PiceCount="1" Path="20" Same="true" Speed="80" interval="1" TypeCount="1" FishType="6" Weigth="100" />
	<Shape type="0" PosX1="1720" PosX2="1720" PosY1="-140" PosY2="140" Count="8" PiceCount="1" Path="20" Same="true" Speed="80" interval="1" TypeCount="1" FishType="8" Weigth="100" />
	<Shape type="0" PosX1="2000" PosX2="2000" PosY1="-140" PosY2="140" Count="8" PiceCount="1" Path="20" Same="true" Speed="80" interval="1" TypeCount="1" FishType="8" Weigth="100" />
	<Shape type="0" PosX1="1720" PosX2="2000" PosY1="-140" PosY2="-140" Count="8" PiceCount="1" Path="20" Same="true" Speed="80" interval="1" TypeCount="1" FishType="8" Weigth="100" />
	<Shape type="0" PosX1="1720" PosX2="2000" PosY1="140" PosY2="140" Count="8" PiceCount="1" Path="20" Same="true" Speed="80" interval="1" TypeCount="1" FishType="8" Weigth="100" />
	<Shape type="0" PosX1="2500" PosX2="4500" PosY1="-200" PosY2="-200" Count="8" PiceCount="1" Path="20" Same="true" Speed="80" interval="1" TypeCount="1" FishType="22" Weigth="100" />
	<Shape type="0" PosX1="2500" PosX2="4500" PosY1="200" PosY2="200" Count="8" PiceCount="1" Path="20" Same="true" Speed="80" interval="1" TypeCount="1" FishType="22" Weigth="100" />
	<Shape type="1" CenterX="0" CenterY="0" Radio="200" Count="30" PiceCount="1" Same="true" Path="20" Speed="80" interval="1" TypeCount="1" FishType="1" Weigth="100" />
	<Shape type="1" CenterX="580" CenterY="0" Radio="220" Count="30" PiceCount="1" Same="true" Path="20" Speed="80" interval="1" TypeCount="1" FishType="3" Weigth="100" />
	<Shape type="1" CenterX="1200" CenterY="0" Radio="240" Count="30" PiceCount="1" Same="true" Path="20" Speed="80" interval="1" TypeCount="1" FishType="6" Weigth="100" />
	<Shape type="1" CenterX="1860" CenterY="0" Radio="260" Count="30" PiceCount="1" Same="true" Path="20" Speed="80" interval="1" TypeCount="1" FishType="8" Weigth="100" />
	<Point PosX="0" PosY="0" Count="1" Path="20" Speed="80" Same="true" interval="1" TypeCount="1" FishType="601" Weigth="100" />
	<Point PosX="580" PosY="0" Count="1" Path="20" Speed="80" Same="true" interval="1" TypeCount="1" FishType="603" Weigth="100" />
	<Point PosX="1200" PosY="0" Count="1" Path="20" Speed="80" Same="true" interval="1" TypeCount="1" FishType="606" Weigth="100" />
	<Point PosX="1860" PosY="0" Count="1" Path="20" Speed="80" Same="true" interval="1" TypeCount="1" FishType="608" Weigth="100" />
	<Point PosX="2500" PosY="0" Count="1" Path="20" Speed="80" Same="true" interval="1" TypeCount="1" FishType="19" Weigth="100" />
	<Point PosX="3000" PosY="0" Count="1" Path="20" Speed="80" Same="true" interval="1" TypeCount="1" FishType="19" Weigth="100" />
	<Point PosX="3500" PosY="0" Count="1" Path="20" Speed="80" Same="true" interval="1" TypeCount="1" FishType="27" Weigth="100" />
	<Point PosX="4000" PosY="0" Count="1" Path="20" Speed="80" Same="true" interval="1" TypeCount="1" FishType="19" Weigth="100" />
	<Point PosX="4500" PosY="0" Count="1" Path="20" Speed="80" Same="true" interval="1" TypeCount="1" FishType="19" Weigth="100" />
</TroopSet>
<TroopSet id="5">
	<DescribeText content="快来！！！快来！！！" />
	<DescribeText content="大家一起放烟花了！！！" />
	<Point PosX="0" PosY="0" Count="10" Path="21" Speed="120" Same="false" interval="4" TypeCount="10" FishType="601,602,603,604,605,606,607,608,609,610" Weigth="100,100,100,100,100,100,100,100,100,100" />
	<Point PosX="0" PosY="0" Count="10" Path="22" Speed="120" Same="false" interval="4" TypeCount="10" FishType="601,602,603,604,605,606,607,608,609,610" Weigth="100,100,100,100,100,100,100,100,100,100" />
	<Point PosX="0" PosY="0" Count="10" Path="23" Speed="120" Same="false" interval="4" TypeCount="10" FishType="601,602,603,604,605,606,607,608,609,610" Weigth="100,100,100,100,100,100,100,100,100,100" />
	<Point PosX="0" PosY="0" Count="10" Path="24" Speed="120" Same="false" interval="4" TypeCount="10" FishType="601,602,603,604,605,606,607,608,609,610" Weigth="100,100,100,100,100,100,100,100,100,100" />
	<Point PosX="0" PosY="0" Count="10" Path="25" Speed="120" Same="false" interval="4" TypeCount="10" FishType="601,602,603,604,605,606,607,608,609,610" Weigth="100,100,100,100,100,100,100,100,100,100" />
	<Point PosX="0" PosY="0" Count="10" Path="26" Speed="120" Same="false" interval="4" TypeCount="10" FishType="601,602,603,604,605,606,607,608,609,610" Weigth="100,100,100,100,100,100,100,100,100,100" />
	<Point PosX="0" PosY="0" Count="10" Path="27" Speed="120" Same="false" interval="4" TypeCount="10" FishType="601,602,603,604,605,606,607,608,609,610" Weigth="100,100,100,100,100,100,100,100,100,100" />
	<Point PosX="0" PosY="0" Count="10" Path="28" Speed="120" Same="false" interval="4" TypeCount="10" FishType="601,602,603,604,605,606,607,608,609,610" Weigth="100,100,100,100,100,100,100,100,100,100" />
	<Point PosX="0" PosY="0" Count="10" Path="29" Speed="120" Same="false" interval="4" TypeCount="10" FishType="601,602,603,604,605,606,607,608,609,610" Weigth="100,100,100,100,100,100,100,100,100,100" />
	<Point PosX="0" PosY="0" Count="10" Path="30" Speed="120" Same="false" interval="4" TypeCount="10" FishType="601,602,603,604,605,606,607,608,609,610" Weigth="100,100,100,100,100,100,100,100,100,100" />
</TroopSet>
<TroopSet id="6">
	<DescribeText content="小盆友，你能抓到我吗？" />
	<DescribeText content="来抓我啊，来抓我啊！" />
	<Point PosX="0" PosY="0" Count="30" Path="31" Speed="150" Same="false" interval="2" TypeCount="11" FishType="10,11,12,13,14,15,16,17,19,21,22" Weigth="100,100,100,100,100,100,100,100,100,100,100" />
	<Point PosX="0" PosY="0" Count="30" Path="32" Speed="150" Same="false" interval="2" TypeCount="11" FishType="10,11,12,13,14,15,16,17,19,21,22" Weigth="100,100,100,100,100,100,100,100,100,100,100" />
	<Point PosX="0" PosY="0" Count="30" Path="33" Speed="150" Same="false" interval="2" TypeCount="11" FishType="10,11,12,13,14,15,16,17,19,21,22" Weigth="100,100,100,100,100,100,100,100,100,100,100" />
	<Point PosX="0" PosY="0" Count="30" Path="34" Speed="150" Same="false" interval="2" TypeCount="11" FishType="10,11,12,13,14,15,16,17,19,21,22" Weigth="100,100,100,100,100,100,100,100,100,100,100" />
	<Point PosX="0" PosY="0" Count="30" Path="35" Speed="150" Same="false" interval="2" TypeCount="11" FishType="10,11,12,13,14,15,16,17,19,21,22" Weigth="100,100,100,100,100,100,100,100,100,100,100" />
	<Point PosX="0" PosY="0" Count="30" Path="36" Speed="150" Same="false" interval="2" TypeCount="11" FishType="10,11,12,13,14,15,16,17,19,21,22" Weigth="100,100,100,100,100,100,100,100,100,100,100" />
	<Point PosX="0" PosY="0" Count="30" Path="37" Speed="150" Same="false" interval="2" TypeCount="11" FishType="10,11,12,13,14,15,16,17,19,21,22" Weigth="100,100,100,100,100,100,100,100,100,100,100" />
	<Point PosX="0" PosY="0" Count="30" Path="38" Speed="150" Same="false" interval="2" TypeCount="11" FishType="10,11,12,13,14,15,16,17,19,21,22" Weigth="100,100,100,100,100,100,100,100,100,100,100" />
</TroopSet>
<TroopSet id="7">
	<DescribeText content="你是风儿，我是沙！" />
	<DescribeText content="你爱我来我爱他！！！" />
	<Point PosX="0" PosY="0" Count="50" Path="39" Speed="250" Same="true" interval="1" TypeCount="5" FishType="1,2,3,4,5" Weigth="100,100,100,100,100" />
	<Point PosX="0" PosY="0" Count="50" Path="40" Speed="250" Same="true" interval="1" TypeCount="5" FishType="6,7,8,9,10" Weigth="100,100,100,100,100" />
	<Point PosX="0" PosY="0" Count="50" Path="41" Speed="250" Same="true" interval="1" TypeCount="5" FishType="11,12,13,14,15" Weigth="100,100,100,100,100" />
	<Point PosX="0" PosY="0" Count="50" Path="42" Speed="250" Same="true" interval="1" TypeCount="5" FishType="1,2,3,4,5" Weigth="100,100,100,100,100" />
	<Point PosX="0" PosY="0" Count="50" Path="43" Speed="250" Same="true" interval="1" TypeCount="5" FishType="6,7,8,9,10" Weigth="100,100,100,100,100" />
	<Point PosX="0" PosY="0" Count="50" Path="44" Speed="250" Same="true" interval="1" TypeCount="5" FishType="11,12,13,14,15" Weigth="100,100,100,100,100" />
</TroopSet>
<TroopSet id="8">
	<DescribeText content="爱像一阵风，吹完它就走" />
	<DescribeText content="这样的节奏，谁都无可奈何" />
	<Point PosX="0" PosY="0" Count="20" Path="45" Speed="90" Same="true" interval="2" TypeCount="15" FishType="1,2,3,4,5,6,7,8,9,10,11,12,13,14,15" Weigth="100,100,100,100,100,100,100,100,100,100,100,100,100,100,100" />
	<Point PosX="0" PosY="0" Count="20" Path="46" Speed="90" Same="true" interval="2" TypeCount="15" FishType="1,2,3,4,5,6,7,8,9,10,11,12,13,14,15" Weigth="100,100,100,100,100,100,100,100,100,100,100,100,100,100,100" />
	<Point PosX="0" PosY="0" Count="20" Path="47" Speed="90" Same="true" interval="2" TypeCount="15" FishType="1,2,3,4,5,6,7,8,9,10,11,12,13,14,15" Weigth="100,100,100,100,100,100,100,100,100,100,100,100,100,100,100" />
	<Point PosX="0" PosY="0" Count="20" Path="48" Speed="90" Same="true" interval="2" TypeCount="15" FishType="1,2,3,4,5,6,7,8,9,10,11,12,13,14,15" Weigth="100,100,100,100,100,100,100,100,100,100,100,100,100,100,100" />
	<Point PosX="0" PosY="0" Count="20" Path="49" Speed="90" Same="true" interval="2" TypeCount="15" FishType="1,2,3,4,5,6,7,8,9,10,11,12,13,14,15" Weigth="100,100,100,100,100,100,100,100,100,100,100,100,100,100,100" />
	<Point PosX="0" PosY="0" Count="20" Path="50" Speed="90" Same="true" interval="2" TypeCount="15" FishType="1,2,3,4,5,6,7,8,9,10,11,12,13,14,15" Weigth="100,100,100,100,100,100,100,100,100,100,100,100,100,100,100" />
	<Point PosX="0" PosY="0" Count="20" Path="51" Speed="90" Same="true" interval="2" TypeCount="15" FishType="1,2,3,4,5,6,7,8,9,10,11,12,13,14,15" Weigth="100,100,100,100,100,100,100,100,100,100,100,100,100,100,100" />
	<Point PosX="0" PosY="0" Count="20" Path="52" Speed="90" Same="true" interval="2" TypeCount="15" FishType="1,2,3,4,5,6,7,8,9,10,11,12,13,14,15" Weigth="100,100,100,100,100,100,100,100,100,100,100,100,100,100,100" />
	<Point PosX="0" PosY="0" Count="20" Path="53" Speed="90" Same="true" interval="2" TypeCount="15" FishType="1,2,3,4,5,6,7,8,9,10,11,12,13,14,15" Weigth="100,100,100,100,100,100,100,100,100,100,100,100,100,100,100" />
	<Point PosX="0" PosY="0" Count="20" Path="54" Speed="90" Same="true" interval="2" TypeCount="15" FishType="1,2,3,4,5,6,7,8,9,10,11,12,13,14,15" Weigth="100,100,100,100,100,100,100,100,100,100,100,100,100,100,100" />
	<Point PosX="0" PosY="0" Count="20" Path="55" Speed="90" Same="true" interval="2" TypeCount="15" FishType="1,2,3,4,5,6,7,8,9,10,11,12,13,14,15" Weigth="100,100,100,100,100,100,100,100,100,100,100,100,100,100,100" />
	<Point PosX="0" PosY="0" Count="20" Path="56" Speed="90" Same="true" interval="2" TypeCount="15" FishType="1,2,3,4,5,6,7,8,9,10,11,12,13,14,15" Weigth="100,100,100,100,100,100,100,100,100,100,100,100,100,100,100" />
	<Point PosX="0" PosY="0" Count="20" Path="57" Speed="90" Same="true" interval="2" TypeCount="15" FishType="1,2,3,4,5,6,7,8,9,10,11,12,13,14,15" Weigth="100,100,100,100,100,100,100,100,100,100,100,100,100,100,100" />
	<Point PosX="0" PosY="0" Count="20" Path="58" Speed="90" Same="true" interval="2" TypeCount="15" FishType="1,2,3,4,5,6,7,8,9,10,11,12,13,14,15" Weigth="100,100,100,100,100,100,100,100,100,100,100,100,100,100,100" />
	<Point PosX="0" PosY="0" Count="20" Path="59" Speed="90" Same="true" interval="2" TypeCount="15" FishType="1,2,3,4,5,6,7,8,9,10,11,12,13,14,15" Weigth="100,100,100,100,100,100,100,100,100,100,100,100,100,100,100" />
	<Point PosX="0" PosY="0" Count="20" Path="60" Speed="90" Same="true" interval="2" TypeCount="15" FishType="1,2,3,4,5,6,7,8,9,10,11,12,13,14,15" Weigth="100,100,100,100,100,100,100,100,100,100,100,100,100,100,100" />
	<Point PosX="0" PosY="0" Count="20" Path="61" Speed="90" Same="true" interval="2" TypeCount="15" FishType="1,2,3,4,5,6,7,8,9,10,11,12,13,14,15" Weigth="100,100,100,100,100,100,100,100,100,100,100,100,100,100,100" />
	<Point PosX="0" PosY="0" Count="20" Path="62" Speed="90" Same="true" interval="2" TypeCount="15" FishType="1,2,3,4,5,6,7,8,9,10,11,12,13,14,15" Weigth="100,100,100,100,100,100,100,100,100,100,100,100,100,100,100" />
	<Point PosX="0" PosY="0" Count="20" Path="63" Speed="90" Same="true" interval="2" TypeCount="15" FishType="1,2,3,4,5,6,7,8,9,10,11,12,13,14,15" Weigth="100,100,100,100,100,100,100,100,100,100,100,100,100,100,100" />
	<Point PosX="0" PosY="0" Count="20" Path="64" Speed="90" Same="true" interval="2" TypeCount="15" FishType="1,2,3,4,5,6,7,8,9,10,11,12,13,14,15" Weigth="100,100,100,100,100,100,100,100,100,100,100,100,100,100,100" />
</TroopSet>
<Path id="1" Type="0" Next="0" Delay="0">
	<Position x="1.27778" y="0.5" />
	<Position x="-0.277778" y="0.5" />
	<Position x="0" y="0" />
	<Position x="0" y="0" />
</Path>
<Path id="2" Type="0" Next="0" Delay="0">
	<Position x="-0.277778" y="0.5" />
	<Position x="1.27778" y="0.5" />
	<Position x="0" y="0" />
	<Position x="0" y="0" />
</Path>
<Path id="3" Type="0" Next="0" Delay="0">
	<Position x="1.04167" y="0.5" />
	<Position x="-0.902778" y="0.5" />
	<Position x="0" y="0" />
	<Position x="0" y="0" />
</Path>
<Path id="4" Type="0" Next="0" Delay="0">
	<Position x="-0.0347222" y="0.6" />
	<Position x="1.04167" y="0.6" />
	<Position x="0" y="0" />
	<Position x="0" y="0" />
</Path>
<Path id="5" Type="0" Next="0" Delay="0">
	<Position x="-0.05" y="0.36" />
	<Position x="4" y="0.36" />
	<Position x="0" y="0" />
	<Position x="0" y="0" />
</Path>
<Path id="8" Type="0" Next="14" Delay="4500">
	<Position x="0" y="1.06" />
	<Position x="0" y="0.83" />
	<Position x="0" y="0" />
	<Position x="0" y="0" />
</Path>
<Path id="9" Type="0" Next="15" Delay="4500">
	<Position x="0" y="-0.06" />
	<Position x="0" y="0.17" />
	<Position x="0" y="0" />
	<Position x="0" y="0" />
</Path>
<Path id="10" Type="0" Next="16" Delay="4600">
	<Position x="0" y="1.17" />
	<Position x="0" y="0.78" />
	<Position x="0" y="0" />
	<Position x="0" y="0" />
</Path>
<Path id="11" Type="0" Next="17" Delay="4600">
	<Position x="0" y="-0.17" />
	<Position x="0" y="0.22" />
	<Position x="0" y="0" />
	<Position x="0" y="0" />
</Path>
<Path id="12" Type="0" Next="18" Delay="4700">
	<Position x="0" y="1.28" />
	<Position x="0" y="0.72" />
	<Position x="0" y="0" />
	<Position x="0" y="0" />
</Path>
<Path id="13" Type="0" Next="19" Delay="4700">
	<Position x="0" y="-0.28" />
	<Position x="0" y="0.28" />
	<Position x="0" y="0" />
	<Position x="0" y="0" />
</Path>
<Path id="14" Type="0" Next="0" Delay="0">
	<Position x="0" y="0.833333" />
	<Position x="0" y="-0.0555556" />
	<Position x="0" y="0" />
	<Position x="0" y="0" />
</Path>
<Path id="15" Type="0" Next="0" Delay="0">
	<Position x="0" y="0.166667" />
	<Position x="0" y="1.05556" />
	<Position x="0" y="0" />
	<Position x="0" y="0" />
</Path>
<Path id="16" Type="0" Next="0" Delay="0">
	<Position x="0" y="0.777778" />
	<Position x="0" y="-0.0555556" />
	<Position x="0" y="0" />
	<Position x="0" y="0" />
</Path>
<Path id="17" Type="0" Next="0" Delay="0">
	<Position x="0" y="0.222222" />
	<Position x="0" y="1.05556" />
	<Position x="0" y="0" />
	<Position x="0" y="0" />
</Path>
<Path id="18" Type="0" Next="0" Delay="0">
	<Position x="0" y="0.722222" />
	<Position x="0" y="-0.0555556" />
	<Position x="0" y="0" />
	<Position x="0" y="0" />
</Path>
<Path id="19" Type="0" Next="0" Delay="0">
	<Position x="0" y="0.277778" />
	<Position x="0" y="1.05556" />
	<Position x="0" y="0" />
	<Position x="0" y="0" />
</Path>
<Path id="20" Type="0" Next="0" Delay="0">
	<Position x="1.05" y="0.5" />
	<Position x="-4" y="0.5" />
	<Position x="0" y="0" />
	<Position x="0" y="0" />
</Path>
<Path id="21" Type="0" Next="0" Delay="0">
	<Position x="0.0625" y="-0.0555556" />
	<Position x="0.0625" y="1.05556" />
	<Position x="0" y="0" />
	<Position x="0" y="0" />
</Path>
<Path id="22" Type="0" Next="0" Delay="0">
	<Position x="0.159722" y="1.05556" />
	<Position x="0.159722" y="-0.0555556" />
	<Position x="0" y="0" />
	<Position x="0" y="0" />
</Path>
<Path id="23" Type="0" Next="0" Delay="0">
	<Position x="0.256944" y="-0.0555556" />
	<Position x="0.256944" y="1.05556" />
	<Position x="0" y="0" />
	<Position x="0" y="0" />
</Path>
<Path id="24" Type="0" Next="0" Delay="0">
	<Position x="0.354167" y="1.05556" />
	<Position x="0.354167" y="-0.0555556" />
	<Position x="0" y="0" />
	<Position x="0" y="0" />
</Path>
<Path id="25" Type="0" Next="0" Delay="0">
	<Position x="0.451389" y="-0.0555556" />
	<Position x="0.451389" y="1.05556" />
	<Position x="0" y="0" />
	<Position x="0" y="0" />
</Path>
<Path id="26" Type="0" Next="0" Delay="0">
	<Position x="0.548611" y="1.05556" />
	<Position x="0.548611" y="-0.0555556" />
	<Position x="0" y="0" />
	<Position x="0" y="0" />
</Path>
<Path id="27" Type="0" Next="0" Delay="0">
	<Position x="0.645833" y="-0.0555556" />
	<Position x="0.645833" y="1.05556" />
	<Position x="0" y="0" />
	<Position x="0" y="0" />
</Path>
<Path id="28" Type="0" Next="0" Delay="0">
	<Position x="0.743056" y="1.05556" />
	<Position x="0.743056" y="-0.0555556" />
	<Position x="0" y="0" />
	<Position x="0" y="0" />
</Path>
<Path id="29" Type="0" Next="0" Delay="0">
	<Position x="0.840278" y="-0.0555556" />
	<Position x="0.840278" y="1.05556" />
	<Position x="0" y="0" />
	<Position x="0" y="0" />
</Path>
<Path id="30" Type="0" Next="0" Delay="0">
	<Position x="0.9375" y="1.05556" />
	<Position x="0.9375" y="-0.0555556" />
	<Position x="0" y="0" />
	<Position x="0" y="0" />
</Path>
<Path id="31" Type="0" Next="0" Delay="0">
	<Position x="-0.104167" y="0.5" />
	<Position x="0.5" y="-0.166667" />
	<Position x="0" y="0" />
	<Position x="0" y="0" />
</Path>
<Path id="32" Type="0" Next="0" Delay="0">
	<Position x="0.5" y="-0.166667" />
	<Position x="1.10417" y="0.5" />
	<Position x="0" y="0" />
	<Position x="0" y="0" />
</Path>
<Path id="33" Type="0" Next="0" Delay="0">
	<Position x="1.10417" y="0.5" />
	<Position x="0.5" y="1.16667" />
	<Position x="0" y="0" />
	<Position x="0" y="0" />
</Path>
<Path id="34" Type="0" Next="0" Delay="0">
	<Position x="0.5" y="1.16667" />
	<Position x="-0.104167" y="0.5" />
	<Position x="0" y="0" />
	<Position x="0" y="0" />
</Path>
<Path id="35" Type="0" Next="0" Delay="0">
	<Position x="0.333333" y="-0.111111" />
	<Position x="0.333333" y="1.11111" />
	<Position x="0" y="0" />
	<Position x="0" y="0" />
</Path>
<Path id="36" Type="0" Next="0" Delay="0">
	<Position x="0.666667" y="1.11111" />
	<Position x="0.666667" y="-0.111111" />
	<Position x="0" y="0" />
	<Position x="0" y="0" />
</Path>
<Path id="37" Type="0" Next="0" Delay="0">
	<Position x="1.07639" y="0.333333" />
	<Position x="-0.0694444" y="0.333333" />
	<Position x="0" y="0" />
	<Position x="0" y="0" />
</Path>
<Path id="38" Type="0" Next="0" Delay="0">
	<Position x="-0.0694444" y="0.666667" />
	<Position x="1.07639" y="0.666667" />
	<Position x="0" y="0" />
	<Position x="0" y="0" />
</Path>
<Path id="39" Type="1" Next="0" Delay="0">
	<Position x="-0.0694444" y="1.11111" />
	<Position x="0.5" y="0.444444" />
	<Position x="1.06944" y="1.11111" />
	<Position x="0" y="0" />
</Path>
<Path id="40" Type="1" Next="0" Delay="0">
	<Position x="-0.0694444" y="1" />
	<Position x="0.5" y="0.333333" />
	<Position x="1.06944" y="1" />
	<Position x="0" y="0" />
</Path>
<Path id="41" Type="1" Next="0" Delay="0">
	<Position x="-0.0694444" y="0.888889" />
	<Position x="0.5" y="0.222222" />
	<Position x="1.06944" y="0.888889" />
	<Position x="0" y="0" />
</Path>
<Path id="42" Type="1" Next="0" Delay="0">
	<Position x="1.06944" y="-0.111111" />
	<Position x="0.5" y="0.555556" />
	<Position x="-0.0694444" y="-0.111111" />
	<Position x="0" y="0" />
</Path>
<Path id="43" Type="1" Next="0" Delay="0">
	<Position x="1.06944" y="0" />
	<Position x="0.5" y="0.666667" />
	<Position x="-0.0694444" y="0" />
	<Position x="0" y="0" />
</Path>
<Path id="44" Type="1" Next="0" Delay="0">
	<Position x="1.06944" y="0.111111" />
	<Position x="0.5" y="0.777778" />
	<Position x="-0.0694444" y="0.111111" />
	<Position x="0" y="0" />
</Path>
<Path id="45" Type="2" Next="0" Delay="0">
	<Position x="0.5" y="0.5" />
	<Position x="200" y="0.5" />
	<Position x="0" y="8" />
	<Position x="0" y="0" />
</Path>
<Path id="46" Type="2" Next="0" Delay="0">
	<Position x="0.5" y="0.5" />
	<Position x="200" y="0.5" />
	<Position x="0.314" y="8" />
	<Position x="0" y="0" />
</Path>
<Path id="47" Type="2" Next="0" Delay="0">
	<Position x="0.5" y="0.5" />
	<Position x="200" y="0.5" />
	<Position x="0.628" y="8" />
	<Position x="0" y="0" />
</Path>
<Path id="48" Type="2" Next="0" Delay="0">
	<Position x="0.5" y="0.5" />
	<Position x="200" y="0.5" />
	<Position x="0.942" y="8" />
	<Position x="0" y="0" />
</Path>
<Path id="49" Type="2" Next="0" Delay="0">
	<Position x="0.5" y="0.5" />
	<Position x="200" y="0.5" />
	<Position x="1.256" y="8" />
	<Position x="0" y="0" />
</Path>
<Path id="50" Type="2" Next="0" Delay="0">
	<Position x="0.5" y="0.5" />
	<Position x="200" y="0.5" />
	<Position x="1.57" y="8" />
	<Position x="0" y="0" />
</Path>
<Path id="51" Type="2" Next="0" Delay="0">
	<Position x="0.5" y="0.5" />
	<Position x="200" y="0.5" />
	<Position x="1.884" y="8" />
	<Position x="0" y="0" />
</Path>
<Path id="52" Type="2" Next="0" Delay="0">
	<Position x="0.5" y="0.5" />
	<Position x="200" y="0.5" />
	<Position x="2.198" y="8" />
	<Position x="0" y="0" />
</Path>
<Path id="53" Type="2" Next="0" Delay="0">
	<Position x="0.5" y="0.5" />
	<Position x="200" y="0.5" />
	<Position x="2.512" y="8" />
	<Position x="0" y="0" />
</Path>
<Path id="54" Type="2" Next="0" Delay="0">
	<Position x="0.5" y="0.5" />
	<Position x="200" y="0.5" />
	<Position x="2.826" y="8" />
	<Position x="0" y="0" />
</Path>
<Path id="55" Type="2" Next="0" Delay="0">
	<Position x="0.5" y="0.5" />
	<Position x="200" y="0.5" />
	<Position x="3.14" y="8" />
	<Position x="0" y="0" />
</Path>
<Path id="56" Type="2" Next="0" Delay="0">
	<Position x="0.5" y="0.5" />
	<Position x="200" y="0.5" />
	<Position x="3.454" y="8" />
	<Position x="0" y="0" />
</Path>
<Path id="57" Type="2" Next="0" Delay="0">
	<Position x="0.5" y="0.5" />
	<Position x="200" y="0.5" />
	<Position x="3.768" y="8" />
	<Position x="0" y="0" />
</Path>
<Path id="58" Type="2" Next="0" Delay="0">
	<Position x="0.5" y="0.5" />
	<Position x="200" y="0.5" />
	<Position x="4.082" y="8" />
	<Position x="0" y="0" />
</Path>
<Path id="59" Type="2" Next="0" Delay="0">
	<Position x="0.5" y="0.5" />
	<Position x="200" y="0.5" />
	<Position x="4.396" y="8" />
	<Position x="0" y="0" />
</Path>
<Path id="60" Type="2" Next="0" Delay="0">
	<Position x="0.5" y="0.5" />
	<Position x="200" y="0.5" />
	<Position x="4.71" y="8" />
	<Position x="0" y="0" />
</Path>
<Path id="61" Type="2" Next="0" Delay="0">
	<Position x="0.5" y="0.5" />
	<Position x="200" y="0.5" />
	<Position x="5.024" y="8" />
	<Position x="0" y="0" />
</Path>
<Path id="62" Type="2" Next="0" Delay="0">
	<Position x="0.5" y="0.5" />
	<Position x="200" y="0.5" />
	<Position x="5.338" y="8" />
	<Position x="0" y="0" />
</Path>
<Path id="63" Type="2" Next="0" Delay="0">
	<Position x="0.5" y="0.5" />
	<Position x="200" y="0.5" />
	<Position x="5.652" y="8" />
	<Position x="0" y="0" />
</Path>
<Path id="64" Type="2" Next="0" Delay="0">
	<Position x="0.5" y="0.5" />
	<Position x="200" y="0.5" />
	<Position x="5.966" y="8" />
	<Position x="0" y="0" />
</Path>
